Workbook

Sheet Summary & Parameters
A1: Singapore Industrial Grid & Emissions Reference
A3: Parameter | B3: Value | C3: Unit
A4: Standard 3-Phase Voltage | B4: 400 | C4: V AC
A5: Standard Single-Phase Voltage | B5: 230 | C5: V AC
A6: Grid Frequency | B6: 50 | C6: Hz
A7: Singapore Grid Emission Factor (EMA 2025/2026) | B7: 0.4168 | C7: kg CO2e / kWh
A8: Assumed Operational Duty Cycle Factor | B8: 0.65 | C8: % of Peak Load

Sheet Equipment Specifications
A1: Machine Type | B1: Duty Level | C1: Voltage (V) | D1: Frequency (Hz) | E1: Peak Wattage (kW) | F1: Avg Operating Load (kW) | G1: Full Load Current (A) | H1: Hourly Scope 2 Emissions (kg CO2e/hr)
A2: 1. CNC Milling (12,000 RPM) | B2: Light Duty | C2: 400 | D2: 50 | E2: 11 | F2: =E2*'Summary & Parameters'!$B$8 -> 7.15 | G2: 22 | H2: =F2*'Summary & Parameters'!$B$7 -> 2.98
A3: 1. CNC Milling (12,000 RPM) | B3: Medium Duty | C3: 400 | D3: 50 | E3: 22 | F3: =E3*'Summary & Parameters'!$B$8 -> 14.30 | G3: 43 | H3: =F3*'Summary & Parameters'!$B$7 -> 5.96
A4: 1. CNC Milling (12,000 RPM) | B4: Heavy Duty | C4: 400 | D4: 50 | E4: 45 | F4: =E4*'Summary & Parameters'!$B$8 -> 29.25 | G4: 85 | H4: =F4*'Summary & Parameters'!$B$7 -> 12.19
A5: 2. CNC Drilling (40,000 RPM) | B5: Light Duty | C5: 400 | D5: 50 | E5: 3.7 | F5: =E5*'Summary & Parameters'!$B$8 -> 2.41 | G5: 7 | H5: =F5*'Summary & Parameters'!$B$7 -> 1.00
A6: 2. CNC Drilling (40,000 RPM) | B6: Medium Duty | C6: 400 | D6: 50 | E6: 7.5 | F6: =E6*'Summary & Parameters'!$B$8 -> 4.88 | G6: 15 | H6: =F6*'Summary & Parameters'!$B$7 -> 2.03
A7: 2. CNC Drilling (40,000 RPM) | B7: Heavy Duty | C7: 400 | D7: 50 | E7: 15 | F7: =E7*'Summary & Parameters'!$B$8 -> 9.75 | G7: 30 | H7: =F7*'Summary & Parameters'!$B$7 -> 4.06
A8: 3. Surface Grinding Auto | B8: Light Duty | C8: 400 | D8: 50 | E8: 3.5 | F8: =E8*'Summary & Parameters'!$B$8 -> 2.28 | G8: 7 | H8: =F8*'Summary & Parameters'!$B$7 -> 0.95
A9: 3. Surface Grinding Auto | B9: Medium Duty | C9: 400 | D9: 50 | E9: 7.5 | F9: =E9*'Summary & Parameters'!$B$8 -> 4.88 | G9: 15 | H9: =F9*'Summary & Parameters'!$B$7 -> 2.03
A10: 3. Surface Grinding Auto | B10: Heavy Duty | C10: 400 | D10: 50 | E10: 22 | F10: =E10*'Summary & Parameters'!$B$8 -> 14.30 | G10: 43 | H10: =F10*'Summary & Parameters'!$B$7 -> 5.96
A11: 4. CNC Lathe + Feeder (<3mm) | B11: Light Duty | C11: 400 | D11: 50 | E11: 5.5 | F11: =E11*'Summary & Parameters'!$B$8 -> 3.58 | G11: 11 | H11: =F11*'Summary & Parameters'!$B$7 -> 1.49
A12: 4. CNC Lathe + Feeder (<3mm) | B12: Medium Duty | C12: 400 | D12: 50 | E12: 11 | F12: =E12*'Summary & Parameters'!$B$8 -> 7.15 | G12: 22 | H12: =F12*'Summary & Parameters'!$B$7 -> 2.98
A13: 4. CNC Lathe + Feeder (<3mm) | B13: Heavy Duty | C13: 400 | D13: 50 | E13: 18 | F13: =E13*'Summary & Parameters'!$B$8 -> 11.70 | G13: 36 | H13: =F13*'Summary & Parameters'!$B$7 -> 4.88
... A19: 6. Die-Sinking EDM Machine | B19: Heavy Duty | C19: 400 | D19: 50 | E19: 18 | F19: =E19*'Summary & Parameters'!$B$8 -> 11.70 | G19: 38 | H19: =F19*'Summary & Parameters'!$B$7 -> 4.88
A20: Average / Total Demand | B20: - | C20: - | D20: - | E20: =SUM(E2:E19) -> 240.7 | F20: =SUM(F2:F19) -> 156.5 | G20: =SUM(G2:G19) -> 475 | H20: =SUM(H2:H19) -> 65.2
A23: Parameter | B23: Value | C23: Unit | E23: assuming Medium Duty machine for Onn Wah Tech default
A24: Standard 3-Phase Voltage | B24: 400 | C24: V AC | E24: user can continue to add to the machine type list
A25: Standard Single-Phase Voltage | B25: 230 | C25: V AC
A26: Grid Frequency | B26: 50 | C26: Hz
A27: Singapore Grid Emission Factor (EMA 2025/2026) | B27: 0.4168 | C27: kg CO2e / kWh
A28: Assumed Operational Duty Cycle Factor | B28: 0.65 | C28: % of Peak Load

Sheet example of project
B2: Example of Project
C4: component | D4: material | E4: Country of origin (raw material) | F4: surface treatment ($ SGD) | G4: machine type (1) | H4: operating hours (hours) | I4: machine type (2) | J4: operating hours (hours) | K4: comments
B5: 27 | C5: TSZV0.5-0.35 | D5: Stainless steel | E5: Japan | F5: 0 | G5: CNC Lathe + feeder | H5: 72 | I5: 0
B6: 6 | C6: AU800 FLUX SENSOR | D6: AL 6061 | E6: China | F6: 8 | G6: CNC Milling | H6: 0.5 | I6: 0 | Q6: 1. CNC Milling (12,000 RPM)
B7: 4 | C7: EG08-497-204P | D7: AL 6061 | E7: China | F7: 20 | G7: CNC Milling | H7: 1 | I7: 0 | Q7: 2. CNC Drilling (40,000 RPM)
B8: 3 | C8: EG08-497-203P | D8: AL 6061 | E8: China | F8: 20 | G8: CNC Milling | H8: 1 | I8: 0 | Q8: 3. Surface Grinding Auto
B9: 2 | C9: EG08-497-202P | D9: AL 6061 | E9: Malaysia | F9: 50 | G9: CNC Milling | H9: 4 | I9: 0 | Q9: 4. CNC Lathe + Feeder (<3mm)
B10: 1 | C10: EG08-497-201P | D10: Brass | E10: China | F10: 0 | G10: CNC Drilling | H10: 72 | I10: Surface Grinding | J10: 3 | K10: Example of mutiple process - the flexibility to add more processes | Q10: 5. Wire-Cut EDM Machine
Q11: 6. Die-Sinking EDM Machine
J13: assuming Medium Duty machine for Onn Wah Tech
